{
  "arbitrage_count": 5,
  "miner_revenue": 12730927717991052,
  "dex_usage": {
    "0xa69babef1ca67a37ffaf7a485dfff3382056e78c": 3,
    "0x92ab871abb9d567aa276b2ce58d0203d84e0181e": 1,
    "0x7426274e92478c7ba306a48b46a6fbefce6c7099": 1,
    "0x4a6670b0afb21b2770541c4c9bd678323f7d84c4": 1,
    "0xac63436b092b944cadea9243f9aff315421d4fee": 1,
    "0xcd83055557536eff25fd0eafbc56e74a1b4260b3": 1,
    "0xd1d5a4c0ea98971894772dcd6d2f1dc71083c44e": 1,
    "0xa7888f85bd76deef3bd03d4dbcf57765a49883b3": 1,
    "0xba12222222228d8ba445958a75a0704d566bf2c8": 1
  },
  "path_length_stats": {
    "mean": 2.2,
    "max": 3,
    "min": 2
  },
  "token_profits": {
    "0x5283D291DBCF85356A21bA090E6db59121208b44": -3.8991727321816477e+21,
    "0xA0b86991c6218b36c1d19D4a2e9Eb0cE3606eB48": 4.363668294601897e+21,
    "0x511686014F39F487E5CDd5C37B4b37606B795ae3": -4.07300173079209e+24,
    "0xC02aaA39b223FE8D0A0e5C4F27eAD9083C756Cc2": 8.781203602556202e+24,
    "0xC7a2572fA8FDB0f7E81d6D3c4e3CCF78FB0DC374": -4.7028203412357866e+24,
    "0xbC396689893D065F41bc2C6EcbeE5e0085233447": -3.2318170301610024e+21,
    "0x6DEA81C8171D0bA574754EF6F8b412F2Ed88c54D": -2.1497102655684338e+21,
    "0xA13a9247ea42D743238089903570127DdA72fE44": -4.644955624202495e+20
  }
}